{
    "t": [0, 20, 40, 60, 80],
    "d": [0.00484, 0.01729, 0.05114, 0.1301, 0.2929]
}
